{
    "accuracy": 0.0923076923076923,
    "loss": 2.3378665080437293
}