{
    "accuracy": 0.3230769230769231,
    "loss": 2.0744547018638024
}