{
    "accuracy": 0.26153846153846155,
    "loss": 2.197595614653367
}