{
    "accuracy": 0.0923076923076923,
    "loss": 2.257683643927941
}